building_room,case_number,slot_number,equipment_type,asset_tag,clean_asset_tag,serial_number,mac_address,manufacturer,model,model_code,case_helper,slot_helper,,,,,,,,,,,,,,,,,,,,,,,,,,,,,,,,,,,,,,,,,,,,,,,,,,,,,,,,,,,,,,,,,,,,,,,,,,,,,,,,,,,,,,,,,,,
283,1,1-1,Laptop,DDC4CY-002645,DDC4CY002645,19MH014,10-98-19-4A-51-61,Dell,Precision 7680,2250,1,1,,,,,,,,,,,,,,,,,,,,,,,,,,,,,,,,,,,,,,,,,,,,,,,,,,,,,,,,,,,,,,,,,,,,,,,,,,,,,,,,,,,,,,,,,,,
283,1,1-2,Laptop,DDC4CY-002663,DDC4CY002663,24MH014,10-98-19-4A-52-C1,Dell,Precision 7680,2250,1,2,,,,,,,,,,,,,,,,,,,,,,,,,,,,,,,,,,,,,,,,,,,,,,,,,,,,,,,,,,,,,,,,,,,,,,,,,,,,,,,,,,,,,,,,,,,
283,1,1-3,Laptop,DDC4CY-002668,DDC4CY002668,4VLH014,10-98-19-4A-50-BD,Dell,Precision 7680,2250,1,3,,,,,,,,,,,,,,,,,,,,,,,,,,,,,,,,,,,,,,,,,,,,,,,,,,,,,,,,,,,,,,,,,,,,,,,,,,,,,,,,,,,,,,,,,,,
283,1,1-4,Laptop,DDC4CY-002643,DDC4CY002643,C2MH014,10-98-19-4A-65-73,Dell,Precision 7680,2250,1,4,,,,,,,,,,,,,,,,,,,,,,,,,,,,,,,,,,,,,,,,,,,,,,,,,,,,,,,,,,,,,,,,,,,,,,,,,,,,,,,,,,,,,,,,,,,
283,1,1-5,Laptop,DDC4CY-002582,DDC4CY002582,67NH014,10-98-19-4A-51-12,Dell,Precision 7680,2250,1,5,,,,,,,,,,,,,,,,,,,,,,,,,,,,,,,,,,,,,,,,,,,,,,,,,,,,,,,,,,,,,,,,,,,,,,,,,,,,,,,,,,,,,,,,,,,
283,1,1-6,Laptop,DDC4CY-002508,DDC4CY002508,B5NH014,10-98-19-4A-51-25,Dell,Precision 7680,2250,1,6,,,,,,,,,,,,,,,,,,,,,,,,,,,,,,,,,,,,,,,,,,,,,,,,,,,,,,,,,,,,,,,,,,,,,,,,,,,,,,,,,,,,,,,,,,,
283,1,1-7,Laptop,DDC4CY-002603,DDC4CY002603,BBLH014,10-98-19-4A-66-46,Dell,Precision 7680,2250,1,7,,,,,,,,,,,,,,,,,,,,,,,,,,,,,,,,,,,,,,,,,,,,,,,,,,,,,,,,,,,,,,,,,,,,,,,,,,,,,,,,,,,,,,,,,,,
283,1,1-8,Laptop,DDC4CY-002570,DDC4CY002570,GFMH014,10-98-19-4A-51-46,Dell,Precision 7680,2250,1,8,,,,,,,,,,,,,,,,,,,,,,,,,,,,,,,,,,,,,,,,,,,,,,,,,,,,,,,,,,,,,,,,,,,,,,,,,,,,,,,,,,,,,,,,,,,
283,1,1-9,Laptop,DDC4CY-002533,DDC4CY002533,33NH014,10-98-19-4A-51-39,Dell,Precision 7680,2250,1,9,,,,,,,,,,,,,,,,,,,,,,,,,,,,,,,,,,,,,,,,,,,,,,,,,,,,,,,,,,,,,,,,,,,,,,,,,,,,,,,,,,,,,,,,,,,
283,1,1-10,Laptop,DDC4CY-002604,DDC4CY002604,40MH014,10-98-19-4A-66-42,Dell,Precision 7680,2250,1,10,,,,,,,,,,,,,,,,,,,,,,,,,,,,,,,,,,,,,,,,,,,,,,,,,,,,,,,,,,,,,,,,,,,,,,,,,,,,,,,,,,,,,,,,,,,
283,1,1-11,Laptop,DDC4CY-002685,DDC4CY002685,CZMH014,10-98-19-4A-51-FA,Dell,Precision 7680,2250,1,11,,,,,,,,,,,,,,,,,,,,,,,,,,,,,,,,,,,,,,,,,,,,,,,,,,,,,,,,,,,,,,,,,,,,,,,,,,,,,,,,,,,,,,,,,,,
283,1,1-12,Laptop,DDC4CY-002651,DDC4CY002651,6GMH014,10-98-19-4A-65-2F,Dell,Precision 7680,2250,1,12,,,,,,,,,,,,,,,,,,,,,,,,,,,,,,,,,,,,,,,,,,,,,,,,,,,,,,,,,,,,,,,,,,,,,,,,,,,,,,,,,,,,,,,,,,,
283,1,1-13,Laptop,DDC4CY-002607,DDC4CY002607,CVLH014,10-98-19-4A-50-F1,Dell,Precision 7680,2250,1,13,,,,,,,,,,,,,,,,,,,,,,,,,,,,,,,,,,,,,,,,,,,,,,,,,,,,,,,,,,,,,,,,,,,,,,,,,,,,,,,,,,,,,,,,,,,
283,1,1-14,Laptop,DDC4CY-002751,DDC4CY002751,6NMTH54,AC-B4-80-45-6B-4A,Dell,Precision 7680,2335,1,14,,,,,,,,,,,,,,,,,,,,,,,,,,,,,,,,,,,,,,,,,,,,,,,,,,,,,,,,,,,,,,,,,,,,,,,,,,,,,,,,,,,,,,,,,,,
283,1,1-15,Laptop,DDC4CY-002507,DDC4CY002507,2FNH014,10-98-19-4A-66-5F,Dell,Precision 7680,2250,1,15,,,,,,,,,,,,,,,,,,,,,,,,,,,,,,,,,,,,,,,,,,,,,,,,,,,,,,,,,,,,,,,,,,,,,,,,,,,,,,,,,,,,,,,,,,,
283,1,1-16,Laptop,DDC4CY-002764,DDC4CY002764,2QMTH54,AC-B4-80-45-6B-9A,Dell,Precision 7680,2335,1,16,,,,,,,,,,,,,,,,,,,,,,,,,,,,,,,,,,,,,,,,,,,,,,,,,,,,,,,,,,,,,,,,,,,,,,,,,,,,,,,,,,,,,,,,,,,
283,1,1-17,Laptop,DDC4CY-002526,DDC4CY002526,2BNH014,10-98-19-4A-51-9A,Dell,Precision 7680,2250,1,17,,,,,,,,,,,,,,,,,,,,,,,,,,,,,,,,,,,,,,,,,,,,,,,,,,,,,,,,,,,,,,,,,,,,,,,,,,,,,,,,,,,,,,,,,,,
283,1,1-18,Laptop,DDC4CY-002740,DDC4CY002740,4HMTH54,AC-B4-80-45-6B-61,Dell,Precision 7680,2335,1,18,,,,,,,,,,,,,,,,,,,,,,,,,,,,,,,,,,,,,,,,,,,,,,,,,,,,,,,,,,,,,,,,,,,,,,,,,,,,,,,,,,,,,,,,,,,
283,1,1-19,Laptop,DDC4CY-002577,DDC4CY002577,JDMH014,10-98-19-4A-51-4A,Dell,Precision 7680,2250,1,19,,,,,,,,,,,,,,,,,,,,,,,,,,,,,,,,,,,,,,,,,,,,,,,,,,,,,,,,,,,,,,,,,,,,,,,,,,,,,,,,,,,,,,,,,,,
283,1,1-20,Laptop,DDC4CY-002544,DDC4CY002544,G2NH014,10-98-19-4A-51-EB,Dell,Precision 7680,2250,1,20,,,,,,,,,,,,,,,,,,,,,,,,,,,,,,,,,,,,,,,,,,,,,,,,,,,,,,,,,,,,,,,,,,,,,,,,,,,,,,,,,,,,,,,,,,,
283,1,1-21,Laptop,DDC4CY-002549,DDC4CY002549,63NH014,10-98-19-4A-51-1B,Dell,Precision 7680,2250,1,21,,,,,,,,,,,,,,,,,,,,,,,,,,,,,,,,,,,,,,,,,,,,,,,,,,,,,,,,,,,,,,,,,,,,,,,,,,,,,,,,,,,,,,,,,,,
283,1,1-22,Laptop,DDC4CY-002634,DDC4CY002634,BYMH014,10-98-19-4A-51-DB,Dell,Precision 7680,2250,1,22,,,,,,,,,,,,,,,,,,,,,,,,,,,,,,,,,,,,,,,,,,,,,,,,,,,,,,,,,,,,,,,,,,,,,,,,,,,,,,,,,,,,,,,,,,,
283,1,1-23,Laptop,DDC4CY-002673,DDC4CY002673,2GLH014,10-98-19-4A-66-E6,Dell,Precision 7680,2250,1,23,,,,,,,,,,,,,,,,,,,,,,,,,,,,,,,,,,,,,,,,,,,,,,,,,,,,,,,,,,,,,,,,,,,,,,,,,,,,,,,,,,,,,,,,,,,
283,1,1-24,Laptop,DDC4CY-002559,DDC4CY002559,BFMH014,10-98-19-4A-52-CC,Dell,Precision 7680,2250,1,24,,,,,,,,,,,,,,,,,,,,,,,,,,,,,,,,,,,,,,,,,,,,,,,,,,,,,,,,,,,,,,,,,,,,,,,,,,,,,,,,,,,,,,,,,,,
283,1,1-25,Laptop,DDC4CY-002561,DDC4CY002561,8FMH014,10-98-19-4A-65-3D,Dell,Precision 7680,2250,1,25,,,,,,,,,,,,,,,,,,,,,,,,,,,,,,,,,,,,,,,,,,,,,,,,,,,,,,,,,,,,,,,,,,,,,,,,,,,,,,,,,,,,,,,,,,,
283,1,1-26,Laptop,DDC4CY-002554,DDC4CY002554,80NH014,10-98-19-4A-51-A9,Dell,Precision 7680,2250,1,26,,,,,,,,,,,,,,,,,,,,,,,,,,,,,,,,,,,,,,,,,,,,,,,,,,,,,,,,,,,,,,,,,,,,,,,,,,,,,,,,,,,,,,,,,,,
283,1,1-27,Laptop,DDC4CY-002576,DDC4CY002576,4CMH014,10-98-19-4A-52-33,Dell,Precision 7680,2250,1,27,,,,,,,,,,,,,,,,,,,,,,,,,,,,,,,,,,,,,,,,,,,,,,,,,,,,,,,,,,,,,,,,,,,,,,,,,,,,,,,,,,,,,,,,,,,
283,1,1-28,Laptop,DDC4CY-002662,DDC4CY002662,C0MH014,10-98-19-4A-66-4F,Dell,Precision 7680,2250,1,28,,,,,,,,,,,,,,,,,,,,,,,,,,,,,,,,,,,,,,,,,,,,,,,,,,,,,,,,,,,,,,,,,,,,,,,,,,,,,,,,,,,,,,,,,,,
283,1,1-29,Laptop,DDC4CY-002596,DDC4CY002596,46NH014,10-98-19-4A-50-F5,Dell,Precision 7680,2250,1,29,,,,,,,,,,,,,,,,,,,,,,,,,,,,,,,,,,,,,,,,,,,,,,,,,,,,,,,,,,,,,,,,,,,,,,,,,,,,,,,,,,,,,,,,,,,
283,1,1-30,Laptop,DDC4CY-002632,DDC4CY002632,5YMH014,10-98-19-4A-52-12,Dell,Precision 7680,2250,1,30,,,,,,,,,,,,,,,,,,,,,,,,,,,,,,,,,,,,,,,,,,,,,,,,,,,,,,,,,,,,,,,,,,,,,,,,,,,,,,,,,,,,,,,,,,,
283,2,2-1,Laptop,DDC4CY-002659,DDC4CY002659,3PMH014,10-98-19-4A-51-FE,Dell,Precision 7680,2250,2,1,,,,,,,,,,,,,,,,,,,,,,,,,,,,,,,,,,,,,,,,,,,,,,,,,,,,,,,,,,,,,,,,,,,,,,,,,,,,,,,,,,,,,,,,,,,
283,2,2-2,Laptop,DDC4CY-002599,DDC4CY002599,5JLH014,10-98-19-4A-52-84,Dell,Precision 7680,2250,2,2,,,,,,,,,,,,,,,,,,,,,,,,,,,,,,,,,,,,,,,,,,,,,,,,,,,,,,,,,,,,,,,,,,,,,,,,,,,,,,,,,,,,,,,,,,,
283,2,2-3,Laptop,DDC4CY-002583,DDC4CY002583,JFNH014,10-98-19-4A-65-D3,Dell,Precision 7680,2250,2,3,,,,,,,,,,,,,,,,,,,,,,,,,,,,,,,,,,,,,,,,,,,,,,,,,,,,,,,,,,,,,,,,,,,,,,,,,,,,,,,,,,,,,,,,,,,
283,2,2-4,Laptop,DDC4CY-002618,DDC4CY002618,5ZLH014,10-98-19-4A-51-BF,Dell,Precision 7680,2250,2,4,,,,,,,,,,,,,,,,,,,,,,,,,,,,,,,,,,,,,,,,,,,,,,,,,,,,,,,,,,,,,,,,,,,,,,,,,,,,,,,,,,,,,,,,,,,
283,2,2-5,Laptop,DDC4CY-002614,DDC4CY002614,JJLH014,10-98-19-4A-50-FA,Dell,Precision 7680,2250,2,5,,,,,,,,,,,,,,,,,,,,,,,,,,,,,,,,,,,,,,,,,,,,,,,,,,,,,,,,,,,,,,,,,,,,,,,,,,,,,,,,,,,,,,,,,,,
283,2,2-6,Laptop,DDC4CY-002677,DDC4CY002677,7PLH014,10-98-19-4A-52-59,Dell,Precision 7680,2250,2,6,,,,,,,,,,,,,,,,,,,,,,,,,,,,,,,,,,,,,,,,,,,,,,,,,,,,,,,,,,,,,,,,,,,,,,,,,,,,,,,,,,,,,,,,,,,
283,2,2-7,Laptop,DDC4CY-002529,DDC4CY002529,JCNH014,10-98-19-4A-51-27,Dell,Precision 7680,2250,2,7,,,,,,,,,,,,,,,,,,,,,,,,,,,,,,,,,,,,,,,,,,,,,,,,,,,,,,,,,,,,,,,,,,,,,,,,,,,,,,,,,,,,,,,,,,,
283,2,2-8,Laptop,DDC4CY-002649,DDC4CY002649,3WMH014,10-98-19-4A-53-07,Dell,Precision 7680,2250,2,8,,,,,,,,,,,,,,,,,,,,,,,,,,,,,,,,,,,,,,,,,,,,,,,,,,,,,,,,,,,,,,,,,,,,,,,,,,,,,,,,,,,,,,,,,,,
283,2,2-9,Laptop,DDC4CY-002734,DDC4CY002734,4PMTH54,AC-B4-80-45-6B-5A,Dell,Precision 7680,2335,2,9,,,,,,,,,,,,,,,,,,,,,,,,,,,,,,,,,,,,,,,,,,,,,,,,,,,,,,,,,,,,,,,,,,,,,,,,,,,,,,,,,,,,,,,,,,,
283,2,2-10,Laptop,DDC4CY-002732,DDC4CY002732,1HMTH54,AC-B4-80-45-6B-1B,Dell,Precision 7680,2335,2,10,,,,,,,,,,,,,,,,,,,,,,,,,,,,,,,,,,,,,,,,,,,,,,,,,,,,,,,,,,,,,,,,,,,,,,,,,,,,,,,,,,,,,,,,,,,
283,2,2-11,Laptop,DDC4CY-002588,DDC4CY002588,C8LH014,10-98-19-4A-52-CE,Dell,Precision 7680,2250,2,11,,,,,,,,,,,,,,,,,,,,,,,,,,,,,,,,,,,,,,,,,,,,,,,,,,,,,,,,,,,,,,,,,,,,,,,,,,,,,,,,,,,,,,,,,,,
283,2,2-12,Laptop,DDC4CY-002537,DDC4CY002537,72NH014,10-98-19-4A-51-F2,Dell,Precision 7680,2250,2,12,,,,,,,,,,,,,,,,,,,,,,,,,,,,,,,,,,,,,,,,,,,,,,,,,,,,,,,,,,,,,,,,,,,,,,,,,,,,,,,,,,,,,,,,,,,
283,2,2-13,Laptop,DDC4CY-002519,DDC4CY002519,7GNH014,10-98-19-4A-51-B8,Dell,Precision 7680,2250,2,13,,,,,,,,,,,,,,,,,,,,,,,,,,,,,,,,,,,,,,,,,,,,,,,,,,,,,,,,,,,,,,,,,,,,,,,,,,,,,,,,,,,,,,,,,,,
283,2,2-14,Laptop,DDC4CY-002511,DDC4CY002511,1WNH014,10-98-19-4A-52-50,Dell,Precision 7680,2250,2,14,,,,,,,,,,,,,,,,,,,,,,,,,,,,,,,,,,,,,,,,,,,,,,,,,,,,,,,,,,,,,,,,,,,,,,,,,,,,,,,,,,,,,,,,,,,
283,2,2-15,Laptop,DDC4CY-002755,DDC4CY002755,3RMTH54,AC-B4-80-45-6B-49,Dell,Precision 7680,2335,2,15,,,,,,,,,,,,,,,,,,,,,,,,,,,,,,,,,,,,,,,,,,,,,,,,,,,,,,,,,,,,,,,,,,,,,,,,,,,,,,,,,,,,,,,,,,,
283,2,2-16,Laptop,DDC4CY-002579,DDC4CY002579,1JNH014,10-98-19-4A-51-13,Dell,Precision 7680,2250,2,16,,,,,,,,,,,,,,,,,,,,,,,,,,,,,,,,,,,,,,,,,,,,,,,,,,,,,,,,,,,,,,,,,,,,,,,,,,,,,,,,,,,,,,,,,,,
283,2,2-17,Laptop,DDC4CY-002754,DDC4CY002754,BMMTH54,AC-B4-80-45-6C-55,Dell,Precision 7680,2335,2,17,,,,,,,,,,,,,,,,,,,,,,,,,,,,,,,,,,,,,,,,,,,,,,,,,,,,,,,,,,,,,,,,,,,,,,,,,,,,,,,,,,,,,,,,,,,
283,2,2-18,Laptop,DDC4CY-002757,DDC4CY002757,DLMTH54,AC-B4-80-45-6B-47,Dell,Precision 7680,2335,2,18,,,,,,,,,,,,,,,,,,,,,,,,,,,,,,,,,,,,,,,,,,,,,,,,,,,,,,,,,,,,,,,,,,,,,,,,,,,,,,,,,,,,,,,,,,,
283,2,2-19,Laptop,DDC4CY-002608,DDC4CY002608,HSLH014,10-98-19-4A-51-08,Dell,Precision 7680,2250,2,19,,,,,,,,,,,,,,,,,,,,,,,,,,,,,,,,,,,,,,,,,,,,,,,,,,,,,,,,,,,,,,,,,,,,,,,,,,,,,,,,,,,,,,,,,,,
283,2,2-20,Laptop,DDC4CY-002611,DDC4CY002611,1YLH014,10-98-19-4A-51-41,Dell,Precision 7680,2250,2,20,,,,,,,,,,,,,,,,,,,,,,,,,,,,,,,,,,,,,,,,,,,,,,,,,,,,,,,,,,,,,,,,,,,,,,,,,,,,,,,,,,,,,,,,,,,
283,2,2-21,Laptop,DDC4CY-002763,DDC4CY002763,DRMTH54,AC-B4-80-45-6B-9D,Dell,Precision 7680,2335,2,21,,,,,,,,,,,,,,,,,,,,,,,,,,,,,,,,,,,,,,,,,,,,,,,,,,,,,,,,,,,,,,,,,,,,,,,,,,,,,,,,,,,,,,,,,,,
283,2,2-22,Laptop,DDC4CY-002627,DDC4CY002627,73MH014,10-98-19-4A-52-72,Dell,Precision 7680,2250,2,22,,,,,,,,,,,,,,,,,,,,,,,,,,,,,,,,,,,,,,,,,,,,,,,,,,,,,,,,,,,,,,,,,,,,,,,,,,,,,,,,,,,,,,,,,,,
283,2,2-23,Laptop,DDC4CY-002557,DDC4CY002557,CFLH014,10-98-19-4A-52-D2,Dell,Precision 7680,2250,2,23,,,,,,,,,,,,,,,,,,,,,,,,,,,,,,,,,,,,,,,,,,,,,,,,,,,,,,,,,,,,,,,,,,,,,,,,,,,,,,,,,,,,,,,,,,,
283,2,2-24,Laptop,DDC4CY-002631,DDC4CY002631,JWMH014,10-98-19-4A-52-7A,Dell,Precision 7680,2250,2,24,,,,,,,,,,,,,,,,,,,,,,,,,,,,,,,,,,,,,,,,,,,,,,,,,,,,,,,,,,,,,,,,,,,,,,,,,,,,,,,,,,,,,,,,,,,
283,2,2-25,Laptop,DDC4CY-002613,DDC4CY002613,3RLH014,10-98-19-4A-52-42,Dell,Precision 7680,2250,2,25,,,,,,,,,,,,,,,,,,,,,,,,,,,,,,,,,,,,,,,,,,,,,,,,,,,,,,,,,,,,,,,,,,,,,,,,,,,,,,,,,,,,,,,,,,,
283,2,2-26,Laptop,DDC4CY-002623,DDC4CY002623,H8LH014,10-98-19-4A-66-4D,Dell,Precision 7680,2250,2,26,,,,,,,,,,,,,,,,,,,,,,,,,,,,,,,,,,,,,,,,,,,,,,,,,,,,,,,,,,,,,,,,,,,,,,,,,,,,,,,,,,,,,,,,,,,
283,2,2-27,Laptop,DDC4CY-002684,DDC4CY002684,D2NH014,10-98-19-4A-51-F3,Dell,Precision 7680,2250,2,27,,,,,,,,,,,,,,,,,,,,,,,,,,,,,,,,,,,,,,,,,,,,,,,,,,,,,,,,,,,,,,,,,,,,,,,,,,,,,,,,,,,,,,,,,,,
283,2,2-28,Laptop,DDC4CY-002644,DDC4CY002644,FYMH014,10-98-19-4A-52-22,Dell,Precision 7680,2250,2,28,,,,,,,,,,,,,,,,,,,,,,,,,,,,,,,,,,,,,,,,,,,,,,,,,,,,,,,,,,,,,,,,,,,,,,,,,,,,,,,,,,,,,,,,,,,
283,2,2-29,Laptop,DDC4CY-002539,DDC4CY002539,96NH014,10-98-19-4A-51-F7,Dell,Precision 7680,2250,2,29,,,,,,,,,,,,,,,,,,,,,,,,,,,,,,,,,,,,,,,,,,,,,,,,,,,,,,,,,,,,,,,,,,,,,,,,,,,,,,,,,,,,,,,,,,,
283,2,2-30,Laptop,DDC4CY-002538,DDC4CY002538,93NH014,10-98-19-4A-51-8A,Dell,Precision 7680,2250,2,30,,,,,,,,,,,,,,,,,,,,,,,,,,,,,,,,,,,,,,,,,,,,,,,,,,,,,,,,,,,,,,,,,,,,,,,,,,,,,,,,,,,,,,,,,,,
283,3,3-1,Laptop,DDC4CY-002548,DDC4CY002548,9ZNH014,10-98-19-4A-51-FB,Dell,Precision 7680,2250,3,1,,,,,,,,,,,,,,,,,,,,,,,,,,,,,,,,,,,,,,,,,,,,,,,,,,,,,,,,,,,,,,,,,,,,,,,,,,,,,,,,,,,,,,,,,,,
283,3,3-2,Laptop,DDC4CY-002653,DDC4CY002653,26MH014,10-98-19-4A-52-B9,Dell,Precision 7680,2250,3,2,,,,,,,,,,,,,,,,,,,,,,,,,,,,,,,,,,,,,,,,,,,,,,,,,,,,,,,,,,,,,,,,,,,,,,,,,,,,,,,,,,,,,,,,,,,
283,3,3-3,Laptop,DDC4CY-002620,DDC4CY002620,1CLH014,10-98-19-4A-52-9A,Dell,Precision 7680,2250,3,3,,,,,,,,,,,,,,,,,,,,,,,,,,,,,,,,,,,,,,,,,,,,,,,,,,,,,,,,,,,,,,,,,,,,,,,,,,,,,,,,,,,,,,,,,,,
283,3,3-4,Laptop,DDC4CY-002648,DDC4CY002648,GWMH014,10-98-19-4A-66-70,Dell,Precision 7680,2250,3,4,,,,,,,,,,,,,,,,,,,,,,,,,,,,,,,,,,,,,,,,,,,,,,,,,,,,,,,,,,,,,,,,,,,,,,,,,,,,,,,,,,,,,,,,,,,
283,3,3-5,Laptop,DDC4CY-002525,DDC4CY002525,58NH014,10-98-19-4A-51-1C,Dell,Precision 7680,2250,3,5,,,,,,,,,,,,,,,,,,,,,,,,,,,,,,,,,,,,,,,,,,,,,,,,,,,,,,,,,,,,,,,,,,,,,,,,,,,,,,,,,,,,,,,,,,,
283,3,3-6,Laptop,DDC4CY-002521,DDC4CY002521,6FNH014,10-98-19-4A-65-81,Dell,Precision 7680,2250,3,6,,,,,,,,,,,,,,,,,,,,,,,,,,,,,,,,,,,,,,,,,,,,,,,,,,,,,,,,,,,,,,,,,,,,,,,,,,,,,,,,,,,,,,,,,,,
283,3,3-7,Laptop,DDC4CY-002586,DDC4CY002586,BBMH014,10-98-19-4A-7C-4F,Dell,Precision 7680,2250,3,7,,,,,,,,,,,,,,,,,,,,,,,,,,,,,,,,,,,,,,,,,,,,,,,,,,,,,,,,,,,,,,,,,,,,,,,,,,,,,,,,,,,,,,,,,,,
283,3,3-8,Laptop,DDC4CY-002513,DDC4CY002513,8FNH014,10-98-19-4A-65-DE,Dell,Precision 7680,2250,3,8,,,,,,,,,,,,,,,,,,,,,,,,,,,,,,,,,,,,,,,,,,,,,,,,,,,,,,,,,,,,,,,,,,,,,,,,,,,,,,,,,,,,,,,,,,,
283,3,3-9,Laptop,DDC4CY-002657,DDC4CY002657,JYMH014,10-98-19-4A-66-A8,Dell,Precision 7680,2250,3,9,,,,,,,,,,,,,,,,,,,,,,,,,,,,,,,,,,,,,,,,,,,,,,,,,,,,,,,,,,,,,,,,,,,,,,,,,,,,,,,,,,,,,,,,,,,
283,3,3-10,Laptop,DDC4CY-002593,DDC4CY002593,7GMH014,10-98-19-4A-51-B0,Dell,Precision 7680,2250,3,10,,,,,,,,,,,,,,,,,,,,,,,,,,,,,,,,,,,,,,,,,,,,,,,,,,,,,,,,,,,,,,,,,,,,,,,,,,,,,,,,,,,,,,,,,,,
283,3,3-11,Laptop,DDC4CY-002654,DDC4CY002654,6GMH014,10-98-19-4A-52-A9,Dell,Precision 7680,2250,3,11,,,,,,,,,,,,,,,,,,,,,,,,,,,,,,,,,,,,,,,,,,,,,,,,,,,,,,,,,,,,,,,,,,,,,,,,,,,,,,,,,,,,,,,,,,,
283,3,3-12,Laptop,DDC4CY-002661,DDC4CY002661,76MH014,10-98-19-4A-52-B8,Dell,Precision 7680,2250,3,12,,,,,,,,,,,,,,,,,,,,,,,,,,,,,,,,,,,,,,,,,,,,,,,,,,,,,,,,,,,,,,,,,,,,,,,,,,,,,,,,,,,,,,,,,,,
283,3,3-13,Laptop,DDC4CY-002741,DDC4CY002741,HNMTH54,AC-B4-80-45-6B-5B,Dell,Precision 7680,2335,3,13,,,,,,,,,,,,,,,,,,,,,,,,,,,,,,,,,,,,,,,,,,,,,,,,,,,,,,,,,,,,,,,,,,,,,,,,,,,,,,,,,,,,,,,,,,,
283,3,3-14,Laptop,DDC4CY-002656,DDC4CY002656,D5MH014,10-98-19-4A-65-88,Dell,Precision 7680,2250,3,14,,,,,,,,,,,,,,,,,,,,,,,,,,,,,,,,,,,,,,,,,,,,,,,,,,,,,,,,,,,,,,,,,,,,,,,,,,,,,,,,,,,,,,,,,,,
283,3,3-15,Laptop,DDC4CY-002683,DDC4CY002683,DFNH014,10-98-19-4A-65-DF,Dell,Precision 7680,2250,3,15,,,,,,,,,,,,,,,,,,,,,,,,,,,,,,,,,,,,,,,,,,,,,,,,,,,,,,,,,,,,,,,,,,,,,,,,,,,,,,,,,,,,,,,,,,,
283,3,3-16,Laptop,DDC4CY-002565,DDC4CY002565,6FMH014,10-98-19-4A-53-03,Dell,Precision 7680,2250,3,16,,,,,,,,,,,,,,,,,,,,,,,,,,,,,,,,,,,,,,,,,,,,,,,,,,,,,,,,,,,,,,,,,,,,,,,,,,,,,,,,,,,,,,,,,,,
283,3,3-17,Laptop,DDC4CY-002679,DDC4CY002679,4XMH014,10-98-19-4A-52-7B,Dell,Precision 7680,2250,3,17,,,,,,,,,,,,,,,,,,,,,,,,,,,,,,,,,,,,,,,,,,,,,,,,,,,,,,,,,,,,,,,,,,,,,,,,,,,,,,,,,,,,,,,,,,,
283,3,3-18,Laptop,DDC4CY-002625,DDC4CY002625,59LH014,10-98-19-4A-66-4C,Dell,Precision 7680,2250,3,18,,,,,,,,,,,,,,,,,,,,,,,,,,,,,,,,,,,,,,,,,,,,,,,,,,,,,,,,,,,,,,,,,,,,,,,,,,,,,,,,,,,,,,,,,,,
283,3,3-19,Laptop,DDC4CY-002756,DDC4CY002756,6MMTH54,AC-B4-80-45-6B-E9,Dell,Precision 7680,2335,3,19,,,,,,,,,,,,,,,,,,,,,,,,,,,,,,,,,,,,,,,,,,,,,,,,,,,,,,,,,,,,,,,,,,,,,,,,,,,,,,,,,,,,,,,,,,,
283,3,3-20,Laptop,DDC4CY-002552,DDC4CY002552,41NH014,10-98-19-4A-51-AF,Dell,Precision 7680,2250,3,20,,,,,,,,,,,,,,,,,,,,,,,,,,,,,,,,,,,,,,,,,,,,,,,,,,,,,,,,,,,,,,,,,,,,,,,,,,,,,,,,,,,,,,,,,,,
283,3,3-21,Laptop,DDC4CY-002777,DDC4CY002777,FKMTH54,AC-B4-80-45-6B-4D,Dell,Precision 7680,2335,3,21,,,,,,,,,,,,,,,,,,,,,,,,,,,,,,,,,,,,,,,,,,,,,,,,,,,,,,,,,,,,,,,,,,,,,,,,,,,,,,,,,,,,,,,,,,,
283,3,3-22,Laptop,DDC4CY-002556,DDC4CY002556,5FLH014,10-98-19-4A-52-D3,Dell,Precision 7680,2250,3,22,,,,,,,,,,,,,,,,,,,,,,,,,,,,,,,,,,,,,,,,,,,,,,,,,,,,,,,,,,,,,,,,,,,,,,,,,,,,,,,,,,,,,,,,,,,
283,3,3-23,Laptop,DDC4CY-002682,DDC4CY002682,CZLH014,10-98-19-4A-52-47,Dell,Precision 7680,2250,3,23,,,,,,,,,,,,,,,,,,,,,,,,,,,,,,,,,,,,,,,,,,,,,,,,,,,,,,,,,,,,,,,,,,,,,,,,,,,,,,,,,,,,,,,,,,,
283,3,3-24,Laptop,DDC4CY-002534,DDC4CY002534,D1NH014,10-98-19-4A-51-9F,Dell,Precision 7680,2250,3,24,,,,,,,,,,,,,,,,,,,,,,,,,,,,,,,,,,,,,,,,,,,,,,,,,,,,,,,,,,,,,,,,,,,,,,,,,,,,,,,,,,,,,,,,,,,
283,3,3-25,Laptop,DDC4CY-002744,DDC4CY002744,9LMTH54,AC-B4-80-45-6B-53,Dell,Precision 7680,2335,3,25,,,,,,,,,,,,,,,,,,,,,,,,,,,,,,,,,,,,,,,,,,,,,,,,,,,,,,,,,,,,,,,,,,,,,,,,,,,,,,,,,,,,,,,,,,,
283,3,3-26,Laptop,DDC4CY-002667,DDC4CY002667,2PLH014,10-98-19-4A-50-AE,Dell,Precision 7680,2250,3,26,,,,,,,,,,,,,,,,,,,,,,,,,,,,,,,,,,,,,,,,,,,,,,,,,,,,,,,,,,,,,,,,,,,,,,,,,,,,,,,,,,,,,,,,,,,
283,3,3-27,Laptop,DDC4CY-002524,DDC4CY002524,H6NH014,10-98-19-4A-51-F6,Dell,Precision 7680,2250,3,27,,,,,,,,,,,,,,,,,,,,,,,,,,,,,,,,,,,,,,,,,,,,,,,,,,,,,,,,,,,,,,,,,,,,,,,,,,,,,,,,,,,,,,,,,,,
283,3,3-28,Laptop,DDC4CY-002567,DDC4CY002567,4GMH014,10-98-19-4A-66-A6,Dell,Precision 7680,2250,3,28,,,,,,,,,,,,,,,,,,,,,,,,,,,,,,,,,,,,,,,,,,,,,,,,,,,,,,,,,,,,,,,,,,,,,,,,,,,,,,,,,,,,,,,,,,,
283,3,3-29,Laptop,DDC4CY-002510,DDC4CY002510,97NH014,10-98-19-4A-67-1D,Dell,Precision 7680,2250,3,29,,,,,,,,,,,,,,,,,,,,,,,,,,,,,,,,,,,,,,,,,,,,,,,,,,,,,,,,,,,,,,,,,,,,,,,,,,,,,,,,,,,,,,,,,,,
283,3,3-30,Laptop,DDC4CY-002517,DDC4CY002517,4DNH014,10-98-19-4A-51-26,Dell,Precision 7680,2250,3,30,,,,,,,,,,,,,,,,,,,,,,,,,,,,,,,,,,,,,,,,,,,,,,,,,,,,,,,,,,,,,,,,,,,,,,,,,,,,,,,,,,,,,,,,,,,
283,4,4-1,Laptop,DDC4CY-002523,DDC4CY002523,HGNH014,10-98-19-4A-51-FD,Dell,Precision 7680,2250,4,1,,,,,,,,,,,,,,,,,,,,,,,,,,,,,,,,,,,,,,,,,,,,,,,,,,,,,,,,,,,,,,,,,,,,,,,,,,,,,,,,,,,,,,,,,,,
283,4,4-2,Laptop,DDC4CY-002589,DDC4CY002589,C3NH014,10-98-19-4A-51-1A,Dell,Precision 7680,2250,4,2,,,,,,,,,,,,,,,,,,,,,,,,,,,,,,,,,,,,,,,,,,,,,,,,,,,,,,,,,,,,,,,,,,,,,,,,,,,,,,,,,,,,,,,,,,,
283,4,4-3,Laptop,DDC4CY-002591,DDC4CY002591,CKNH014,10-98-19-4A-50-EC,Dell,Precision 7680,2250,4,3,,,,,,,,,,,,,,,,,,,,,,,,,,,,,,,,,,,,,,,,,,,,,,,,,,,,,,,,,,,,,,,,,,,,,,,,,,,,,,,,,,,,,,,,,,,
283,4,4-4,Laptop,DDC4CY-002633,DDC4CY002633,68MH014,10-98-19-4A-52-B6,Dell,Precision 7680,2250,4,4,,,,,,,,,,,,,,,,,,,,,,,,,,,,,,,,,,,,,,,,,,,,,,,,,,,,,,,,,,,,,,,,,,,,,,,,,,,,,,,,,,,,,,,,,,,
283,4,4-5,Laptop,DDC4CY-002672,DDC4CY002672,FTLH014,10-98-19-4A-50-BC,Dell,Precision 7680,2250,4,5,,,,,,,,,,,,,,,,,,,,,,,,,,,,,,,,,,,,,,,,,,,,,,,,,,,,,,,,,,,,,,,,,,,,,,,,,,,,,,,,,,,,,,,,,,,
283,4,4-6,Laptop,DDC4CY-002680,DDC4CY002680,9WLH014,10-98-19-4A-67-6A,Dell,Precision 7680,2250,4,6,,,,,,,,,,,,,,,,,,,,,,,,,,,,,,,,,,,,,,,,,,,,,,,,,,,,,,,,,,,,,,,,,,,,,,,,,,,,,,,,,,,,,,,,,,,
283,4,4-7,Laptop,DDC4CY-002646,DDC4CY002646,94MH014,10-98-19-4A-52-C0,Dell,Precision 7680,2250,4,7,,,,,,,,,,,,,,,,,,,,,,,,,,,,,,,,,,,,,,,,,,,,,,,,,,,,,,,,,,,,,,,,,,,,,,,,,,,,,,,,,,,,,,,,,,,
283,4,4-8,Laptop,DDC4CY-002571,DDC4CY002571,1GMH014,10-98-19-4A-50-F8,Dell,Precision 7680,2250,4,8,,,,,,,,,,,,,,,,,,,,,,,,,,,,,,,,,,,,,,,,,,,,,,,,,,,,,,,,,,,,,,,,,,,,,,,,,,,,,,,,,,,,,,,,,,,
283,4,4-9,Laptop,DDC4CY-002772,DDC4CY002772,8QMTH54,AC-B4-80-45-6B-76,Dell,Precision 7680,2335,4,9,,,,,,,,,,,,,,,,,,,,,,,,,,,,,,,,,,,,,,,,,,,,,,,,,,,,,,,,,,,,,,,,,,,,,,,,,,,,,,,,,,,,,,,,,,,
283,4,4-10,Laptop,DDC4CY-002535,DDC4CY002535,G3NH014,10-98-19-4A-51-16,Dell,Precision 7680,2250,4,10,,,,,,,,,,,,,,,,,,,,,,,,,,,,,,,,,,,,,,,,,,,,,,,,,,,,,,,,,,,,,,,,,,,,,,,,,,,,,,,,,,,,,,,,,,,
283,4,4-11,Laptop,DDC4CY-002584,DDC4CY002584,J4MH014,10-98-19-4A-52-9B,Dell,Precision 7680,2250,4,11,,,,,,,,,,,,,,,,,,,,,,,,,,,,,,,,,,,,,,,,,,,,,,,,,,,,,,,,,,,,,,,,,,,,,,,,,,,,,,,,,,,,,,,,,,,
283,4,4-12,Laptop,DDC4CY-002609,DDC4CY002609,FSLH014,10-98-19-4A-51-E0,Dell,Precision 7680,2250,4,12,,,,,,,,,,,,,,,,,,,,,,,,,,,,,,,,,,,,,,,,,,,,,,,,,,,,,,,,,,,,,,,,,,,,,,,,,,,,,,,,,,,,,,,,,,,
283,4,4-13,Laptop,DDC4CY-002509,DDC4CY002509,18NH014,10-98-19-4A-52-87,Dell,Precision 7680,2250,4,13,,,,,,,,,,,,,,,,,,,,,,,,,,,,,,,,,,,,,,,,,,,,,,,,,,,,,,,,,,,,,,,,,,,,,,,,,,,,,,,,,,,,,,,,,,,
283,4,4-14,Laptop,DDC4CY-002639,DDC4CY002639,7YMH014,10-98-19-4A-52-0A,Dell,Precision 7680,2250,4,14,,,,,,,,,,,,,,,,,,,,,,,,,,,,,,,,,,,,,,,,,,,,,,,,,,,,,,,,,,,,,,,,,,,,,,,,,,,,,,,,,,,,,,,,,,,
283,4,4-15,Laptop,DDC4CY-002514,DDC4CY002514,9DNH014,10-98-19-4A-65-37,Dell,Precision 7680,2250,4,15,,,,,,,,,,,,,,,,,,,,,,,,,,,,,,,,,,,,,,,,,,,,,,,,,,,,,,,,,,,,,,,,,,,,,,,,,,,,,,,,,,,,,,,,,,,
283,4,4-16,Laptop,DDC4CY-002512,DDC4CY002512,FBLH014,10-98-19-4A-52-BC,Dell,Precision 7680,2250,4,16,,,,,,,,,,,,,,,,,,,,,,,,,,,,,,,,,,,,,,,,,,,,,,,,,,,,,,,,,,,,,,,,,,,,,,,,,,,,,,,,,,,,,,,,,,,
283,4,4-17,Laptop,DDC4CY-002590,DDC4CY002590,5FMH014,10-98-19-4A-53-02,Dell,Precision 7680,2250,4,17,,,,,,,,,,,,,,,,,,,,,,,,,,,,,,,,,,,,,,,,,,,,,,,,,,,,,,,,,,,,,,,,,,,,,,,,,,,,,,,,,,,,,,,,,,,
283,4,4-18,Laptop,DDC4CY-002569,DDC4CY002569,HFMH014,10-98-19-4A-50-B3,Dell,Precision 7680,2250,4,18,,,,,,,,,,,,,,,,,,,,,,,,,,,,,,,,,,,,,,,,,,,,,,,,,,,,,,,,,,,,,,,,,,,,,,,,,,,,,,,,,,,,,,,,,,,
283,4,4-19,Laptop,DDC4CY-002551,DDC4CY002551,G1NH014,10-98-19-4A-51-9E,Dell,Precision 7680,2250,4,19,,,,,,,,,,,,,,,,,,,,,,,,,,,,,,,,,,,,,,,,,,,,,,,,,,,,,,,,,,,,,,,,,,,,,,,,,,,,,,,,,,,,,,,,,,,
283,4,4-20,Laptop,DDC4CY-002580,DDC4CY002580,HZMH014,10-98-19-4A-50-F6,Dell,Precision 7680,2250,4,20,,,,,,,,,,,,,,,,,,,,,,,,,,,,,,,,,,,,,,,,,,,,,,,,,,,,,,,,,,,,,,,,,,,,,,,,,,,,,,,,,,,,,,,,,,,
283,4,4-21,Laptop,DDC4CY-002542,DDC4CY002542,J2NH014,10-98-19-4A-51-E5,Dell,Precision 7680,2250,4,21,,,,,,,,,,,,,,,,,,,,,,,,,,,,,,,,,,,,,,,,,,,,,,,,,,,,,,,,,,,,,,,,,,,,,,,,,,,,,,,,,,,,,,,,,,,
283,4,4-22,Laptop,DDC4CY-002562,DDC4CY002562,HYMH014,10-98-19-4A-50-B2,Dell,Precision 7680,2250,4,22,,,,,,,,,,,,,,,,,,,,,,,,,,,,,,,,,,,,,,,,,,,,,,,,,,,,,,,,,,,,,,,,,,,,,,,,,,,,,,,,,,,,,,,,,,,
283,4,4-23,Laptop,DDC4CY-002572,DDC4CY002572,GNLH014,10-98-19-4A-51-38,Dell,Precision 7680,2250,4,23,,,,,,,,,,,,,,,,,,,,,,,,,,,,,,,,,,,,,,,,,,,,,,,,,,,,,,,,,,,,,,,,,,,,,,,,,,,,,,,,,,,,,,,,,,,
283,4,4-24,Laptop,DDC4CY-002743,DDC4CY002743,2LMTH54,AC-B4-80-45-6C-59,Dell,Precision 7680,2335,4,24,,,,,,,,,,,,,,,,,,,,,,,,,,,,,,,,,,,,,,,,,,,,,,,,,,,,,,,,,,,,,,,,,,,,,,,,,,,,,,,,,,,,,,,,,,,
283,4,4-25,Laptop,DDC4CY-002597,DDC4CY002597,32NH014,10-98-19-4A-51-5B,Dell,Precision 7680,2250,4,25,,,,,,,,,,,,,,,,,,,,,,,,,,,,,,,,,,,,,,,,,,,,,,,,,,,,,,,,,,,,,,,,,,,,,,,,,,,,,,,,,,,,,,,,,,,
283,4,4-26,Laptop,DDC4CY-002771,DDC4CY002771,CPMTH54,AC-B4-80-45-6B-59,Dell,Precision 7680,2335,4,26,,,,,,,,,,,,,,,,,,,,,,,,,,,,,,,,,,,,,,,,,,,,,,,,,,,,,,,,,,,,,,,,,,,,,,,,,,,,,,,,,,,,,,,,,,,
283,4,4-27,Laptop,DDC4CY-002676,DDC4CY002676,6KLH014,10-98-19-4A-50-FB,Dell,Precision 7680,2250,4,27,,,,,,,,,,,,,,,,,,,,,,,,,,,,,,,,,,,,,,,,,,,,,,,,,,,,,,,,,,,,,,,,,,,,,,,,,,,,,,,,,,,,,,,,,,,
283,4,4-28,Laptop,DDC4CY-002587,DDC4CY002587,C9LH014,10-98-19-4A-52-AE,Dell,Precision 7680,2250,4,28,,,,,,,,,,,,,,,,,,,,,,,,,,,,,,,,,,,,,,,,,,,,,,,,,,,,,,,,,,,,,,,,,,,,,,,,,,,,,,,,,,,,,,,,,,,
283,4,4-29,Laptop,DDC4CY-002518,DDC4CY002518,2GNH014,10-98-19-4A-51-34,Dell,Precision 7680,2250,4,29,,,,,,,,,,,,,,,,,,,,,,,,,,,,,,,,,,,,,,,,,,,,,,,,,,,,,,,,,,,,,,,,,,,,,,,,,,,,,,,,,,,,,,,,,,,
283,4,4-30,Laptop,DDC4CY-002749,DDC4CY002749,3SMTH54,AC-B4-80-45-6A-F9,Dell,Precision 7680,2335,4,30,,,,,,,,,,,,,,,,,,,,,,,,,,,,,,,,,,,,,,,,,,,,,,,,,,,,,,,,,,,,,,,,,,,,,,,,,,,,,,,,,,,,,,,,,,,
283,5,5-1,Laptop,DDC4CY-002622,DDC4CY002622,8DLH014,10-98-19-4A-51-D9,Dell,Precision 7680,2250,5,1,,,,,,,,,,,,,,,,,,,,,,,,,,,,,,,,,,,,,,,,,,,,,,,,,,,,,,,,,,,,,,,,,,,,,,,,,,,,,,,,,,,,,,,,,,,
283,5,5-2,Laptop,DDC4CY-002658,DDC4CY002658,DWMH014,10-98-19-4A-51-4C,Dell,Precision 7680,2250,5,2,,,,,,,,,,,,,,,,,,,,,,,,,,,,,,,,,,,,,,,,,,,,,,,,,,,,,,,,,,,,,,,,,,,,,,,,,,,,,,,,,,,,,,,,,,,
283,5,5-3,Laptop,DDC4CY-002759,DDC4CY002759,8JMTH54,AC-B4-80-45-6B-72,Dell,Precision 7680,2335,5,3,,,,,,,,,,,,,,,,,,,,,,,,,,,,,,,,,,,,,,,,,,,,,,,,,,,,,,,,,,,,,,,,,,,,,,,,,,,,,,,,,,,,,,,,,,,
283,5,5-4,Laptop,DDC4CY-002541,DDC4CY002541,35NH014,10-98-19-4A-51-8B,Dell,Precision 7680,2250,5,4,,,,,,,,,,,,,,,,,,,,,,,,,,,,,,,,,,,,,,,,,,,,,,,,,,,,,,,,,,,,,,,,,,,,,,,,,,,,,,,,,,,,,,,,,,,
283,5,5-5,Laptop,DDC4CY-002671,DDC4CY002671,3MLH014,10-98-19-4A-51-E1,Dell,Precision 7680,2250,5,5,,,,,,,,,,,,,,,,,,,,,,,,,,,,,,,,,,,,,,,,,,,,,,,,,,,,,,,,,,,,,,,,,,,,,,,,,,,,,,,,,,,,,,,,,,,
283,5,5-6,Laptop,DDC4CY-002652,DDC4CY002652,32MH014,10-98-19-4A-65-72,Dell,Precision 7680,2250,5,6,,,,,,,,,,,,,,,,,,,,,,,,,,,,,,,,,,,,,,,,,,,,,,,,,,,,,,,,,,,,,,,,,,,,,,,,,,,,,,,,,,,,,,,,,,,
283,5,5-7,Laptop,DDC4CY-002810,DDC4CY002810,2DMTH54,AC-B4-80-45-6B-29,Dell,Precision 7680,2335,5,7,,,,,,,,,,,,,,,,,,,,,,,,,,,,,,,,,,,,,,,,,,,,,,,,,,,,,,,,,,,,,,,,,,,,,,,,,,,,,,,,,,,,,,,,,,,
283,5,5-8,Laptop,DDC4CY-002678,DDC4CY002678,7HNH014,10-98-19-4A-50-F4,Dell,Precision 7680,2250,5,8,,,,,,,,,,,,,,,,,,,,,,,,,,,,,,,,,,,,,,,,,,,,,,,,,,,,,,,,,,,,,,,,,,,,,,,,,,,,,,,,,,,,,,,,,,,
283,5,5-9,Laptop,DDC4CY-002681,DDC4CY002681,BXMH014,10-98-19-4A-53-0B,Dell,Precision 7680,2250,5,9,,,,,,,,,,,,,,,,,,,,,,,,,,,,,,,,,,,,,,,,,,,,,,,,,,,,,,,,,,,,,,,,,,,,,,,,,,,,,,,,,,,,,,,,,,,
283,5,5-10,Laptop,DDC4CY-002739,DDC4CY002739,JRMTH54,AC-B4-80-45-6B-C3,Dell,Precision 7680,2335,5,10,,,,,,,,,,,,,,,,,,,,,,,,,,,,,,,,,,,,,,,,,,,,,,,,,,,,,,,,,,,,,,,,,,,,,,,,,,,,,,,,,,,,,,,,,,,
283,5,5-11,Laptop,DDC4CY-002735,DDC4CY002735,7FMTH54,AC-B4-80-45-6C-3F,Dell,Precision 7680,2335,5,11,,,,,,,,,,,,,,,,,,,,,,,,,,,,,,,,,,,,,,,,,,,,,,,,,,,,,,,,,,,,,,,,,,,,,,,,,,,,,,,,,,,,,,,,,,,
283,5,5-12,Laptop,DDC4CY-002665,DDC4CY002665,2XLH014,10-98-19-4A-51-40,Dell,Precision 7680,2250,5,12,,,,,,,,,,,,,,,,,,,,,,,,,,,,,,,,,,,,,,,,,,,,,,,,,,,,,,,,,,,,,,,,,,,,,,,,,,,,,,,,,,,,,,,,,,,
283,5,5-13,Laptop,DDC4CY-002765,DDC4CY002765,6PMTH54,AC-B4-80-45-6B-58,Dell,Precision 7680,2335,5,13,,,,,,,,,,,,,,,,,,,,,,,,,,,,,,,,,,,,,,,,,,,,,,,,,,,,,,,,,,,,,,,,,,,,,,,,,,,,,,,,,,,,,,,,,,,
283,5,5-14,Laptop,DDC4CY-002753,DDC4CY002753,1PMTH54,AC-B4-80-45-6B-D6,Dell,Precision 7680,2335,5,14,,,,,,,,,,,,,,,,,,,,,,,,,,,,,,,,,,,,,,,,,,,,,,,,,,,,,,,,,,,,,,,,,,,,,,,,,,,,,,,,,,,,,,,,,,,
283,5,5-15,Laptop,DDC4CY-002605,DDC4CY002605,6TLH014,10-98-19-4A-51-02,Dell,Precision 7680,2250,5,15,,,,,,,,,,,,,,,,,,,,,,,,,,,,,,,,,,,,,,,,,,,,,,,,,,,,,,,,,,,,,,,,,,,,,,,,,,,,,,,,,,,,,,,,,,,
283,5,5-16,Laptop,DDC4CY-002612,DDC4CY002612,FQLH014,10-98-19-4A-50-ED,Dell,Precision 7680,2250,5,16,,,,,,,,,,,,,,,,,,,,,,,,,,,,,,,,,,,,,,,,,,,,,,,,,,,,,,,,,,,,,,,,,,,,,,,,,,,,,,,,,,,,,,,,,,,
283,5,5-17,Laptop,DDC4CY-002606,DDC4CY002606,HPLH014,10-98-19-4A-52-95,Dell,Precision 7680,2250,5,17,,,,,,,,,,,,,,,,,,,,,,,,,,,,,,,,,,,,,,,,,,,,,,,,,,,,,,,,,,,,,,,,,,,,,,,,,,,,,,,,,,,,,,,,,,,
283,5,5-18,Laptop,DDC4CY-002530,DDC4CY002530,B9NH014,10-98-19-4A-50-93,Dell,Precision 7680,2250,5,18,,,,,,,,,,,,,,,,,,,,,,,,,,,,,,,,,,,,,,,,,,,,,,,,,,,,,,,,,,,,,,,,,,,,,,,,,,,,,,,,,,,,,,,,,,,
283,5,5-19,Laptop,DDC4CY-002550,DDC4CY002550,12NH014,10-98-19-4A-51-44,Dell,Precision 7680,2250,5,19,,,,,,,,,,,,,,,,,,,,,,,,,,,,,,,,,,,,,,,,,,,,,,,,,,,,,,,,,,,,,,,,,,,,,,,,,,,,,,,,,,,,,,,,,,,
283,5,5-20,Laptop,DDC4CY-002629,DDC4CY002629,6WMH014,10-98-19-4A-52-E8,Dell,Precision 7680,2250,5,20,,,,,,,,,,,,,,,,,,,,,,,,,,,,,,,,,,,,,,,,,,,,,,,,,,,,,,,,,,,,,,,,,,,,,,,,,,,,,,,,,,,,,,,,,,,
283,5,5-21,Laptop,DDC4CY-002522,DDC4CY002522,BGNH014,10-98-19-4A-51-FC,Dell,Precision 7680,2250,5,21,,,,,,,,,,,,,,,,,,,,,,,,,,,,,,,,,,,,,,,,,,,,,,,,,,,,,,,,,,,,,,,,,,,,,,,,,,,,,,,,,,,,,,,,,,,
283,5,5-22,Laptop,DDC4CY-002595,DDC4CY002595,G8NH014,10-98-19-4A-51-47,Dell,Precision 7680,2250,5,22,,,,,,,,,,,,,,,,,,,,,,,,,,,,,,,,,,,,,,,,,,,,,,,,,,,,,,,,,,,,,,,,,,,,,,,,,,,,,,,,,,,,,,,,,,,
283,5,5-23,Laptop,DDC4CY-002574,DDC4CY002574,5DMH014,10-98-19-4A-50-FF,Dell,Precision 7680,2250,5,23,,,,,,,,,,,,,,,,,,,,,,,,,,,,,,,,,,,,,,,,,,,,,,,,,,,,,,,,,,,,,,,,,,,,,,,,,,,,,,,,,,,,,,,,,,,
283,5,5-24,Laptop,DDC4CY-002540,DDC4CY002540,74NH014,10-98-19-4A-52-E9,Dell,Precision 7680,2250,5,24,,,,,,,,,,,,,,,,,,,,,,,,,,,,,,,,,,,,,,,,,,,,,,,,,,,,,,,,,,,,,,,,,,,,,,,,,,,,,,,,,,,,,,,,,,,
283,5,5-25,Laptop,DDC4CY-002520,DDC4CY002520,DHNH014,10-98-19-4A-51-1D,Dell,Precision 7680,2250,5,25,,,,,,,,,,,,,,,,,,,,,,,,,,,,,,,,,,,,,,,,,,,,,,,,,,,,,,,,,,,,,,,,,,,,,,,,,,,,,,,,,,,,,,,,,,,
283,5,5-26,Laptop,DDC4CY-002733,DDC4CY002733,2FMTH54,AC-B4-80-45-6B-15,Dell,Precision 7680,2335,5,26,,,,,,,,,,,,,,,,,,,,,,,,,,,,,,,,,,,,,,,,,,,,,,,,,,,,,,,,,,,,,,,,,,,,,,,,,,,,,,,,,,,,,,,,,,,
283,5,5-27,Laptop,DDC4CY-002745,DDC4CY002745,7LMTH54,AC-B4-80-45-6B-52,Dell,Precision 7680,2335,5,27,,,,,,,,,,,,,,,,,,,,,,,,,,,,,,,,,,,,,,,,,,,,,,,,,,,,,,,,,,,,,,,,,,,,,,,,,,,,,,,,,,,,,,,,,,,
283,5,5-28,Laptop,DDC4CY-002775,DDC4CY002775,3JMTH54,AC-84-80-45-6B-74,Dell,Precision 7680,2335,5,28,,,,,,,,,,,,,,,,,,,,,,,,,,,,,,,,,,,,,,,,,,,,,,,,,,,,,,,,,,,,,,,,,,,,,,,,,,,,,,,,,,,,,,,,,,,
283,5,5-29,Laptop,DDC4CY-002655,DDC4CY002655,79MH014,10-98-19-4A-52-85,Dell,Precision 7680,2250,5,29,,,,,,,,,,,,,,,,,,,,,,,,,,,,,,,,,,,,,,,,,,,,,,,,,,,,,,,,,,,,,,,,,,,,,,,,,,,,,,,,,,,,,,,,,,,
283,5,5-30,Laptop,DDC4CY-002758,DDC4CY002758,1MMTH54,AC-B4-80-45-6B-99,Dell,Precision 7680,2335,5,30,,,,,,,,,,,,,,,,,,,,,,,,,,,,,,,,,,,,,,,,,,,,,,,,,,,,,,,,,,,,,,,,,,,,,,,,,,,,,,,,,,,,,,,,,,,
283,6,6-1,Laptop,DDC4CY-002752,DDC4CY002752,5QMTH54,AC-B4-80-45-6A-E1,Dell,Precision 7680,2335,6,1,,,,,,,,,,,,,,,,,,,,,,,,,,,,,,,,,,,,,,,,,,,,,,,,,,,,,,,,,,,,,,,,,,,,,,,,,,,,,,,,,,,,,,,,,,,
283,6,6-2,Laptop,DDC4CY-002642,DDC4CY002642,3ZMH014,10-98-19-4A-52-DC,Dell,Precision 7680,2250,6,2,,,,,,,,,,,,,,,,,,,,,,,,,,,,,,,,,,,,,,,,,,,,,,,,,,,,,,,,,,,,,,,,,,,,,,,,,,,,,,,,,,,,,,,,,,,
283,6,6-3,Laptop,DDC4CY-002638,DDC4CY002638,GXMH014,10-98-19-4A-52-13,Dell,Precision 7680,2250,6,3,,,,,,,,,,,,,,,,,,,,,,,,,,,,,,,,,,,,,,,,,,,,,,,,,,,,,,,,,,,,,,,,,,,,,,,,,,,,,,,,,,,,,,,,,,,
283,6,6-4,Laptop,DDC4CY-002619,DDC4CY002619,GDLH014,10-98-19-4A-52-46,Dell,Precision 7680,2250,6,4,,,,,,,,,,,,,,,,,,,,,,,,,,,,,,,,,,,,,,,,,,,,,,,,,,,,,,,,,,,,,,,,,,,,,,,,,,,,,,,,,,,,,,,,,,,
283,6,6-5,Laptop,DDC4CY-002594,DDC4CY002594,10NH014,10-98-19-4A-51-F9,Dell,Precision 7680,2250,6,5,,,,,,,,,,,,,,,,,,,,,,,,,,,,,,,,,,,,,,,,,,,,,,,,,,,,,,,,,,,,,,,,,,,,,,,,,,,,,,,,,,,,,,,,,,,
283,6,6-6,Laptop,DDC4CY-002674,DDC4CY002674,9NLH014,10-98-19-4A-50-AF,Dell,Precision 7680,2250,6,6,,,,,,,,,,,,,,,,,,,,,,,,,,,,,,,,,,,,,,,,,,,,,,,,,,,,,,,,,,,,,,,,,,,,,,,,,,,,,,,,,,,,,,,,,,,
283,6,6-7,Laptop,DDC4CY-002555,DDC4CY002555,1HLH014,10-98-19-4A-51-C9,Dell,Precision 7680,2250,6,7,,,,,,,,,,,,,,,,,,,,,,,,,,,,,,,,,,,,,,,,,,,,,,,,,,,,,,,,,,,,,,,,,,,,,,,,,,,,,,,,,,,,,,,,,,,
283,6,6-8,Laptop,DDC4CY-002617,DDC4CY002617,5CLH014,10-98-19-4A-52-D1,Dell,Precision 7680,2250,6,8,,,,,,,,,,,,,,,,,,,,,,,,,,,,,,,,,,,,,,,,,,,,,,,,,,,,,,,,,,,,,,,,,,,,,,,,,,,,,,,,,,,,,,,,,,,
283,6,6-9,Laptop,DDC4CY-002585,DDC4CY002585,5GMH014,10-98-19-4A-65-D0,Dell,Precision 7680,2250,6,9,,,,,,,,,,,,,,,,,,,,,,,,,,,,,,,,,,,,,,,,,,,,,,,,,,,,,,,,,,,,,,,,,,,,,,,,,,,,,,,,,,,,,,,,,,,
283,6,6-10,Laptop,DDC4CY-002536,DDC4CY002536,14NH014,10-98-19-4A-51-18,Dell,Precision 7680,2250,6,10,,,,,,,,,,,,,,,,,,,,,,,,,,,,,,,,,,,,,,,,,,,,,,,,,,,,,,,,,,,,,,,,,,,,,,,,,,,,,,,,,,,,,,,,,,,
283,6,6-11,Laptop,DDC4CY-002794,DDC4CY002794,DCMTH54,AC-B4-80-45-6B-1C,Dell,Precision 7680,2335,6,11,,,,,,,,,,,,,,,,,,,,,,,,,,,,,,,,,,,,,,,,,,,,,,,,,,,,,,,,,,,,,,,,,,,,,,,,,,,,,,,,,,,,,,,,,,,
283,6,6-12,Laptop,DDC4CY-002575,DDC4CY002575,DDMH014,10-98-19-4A-52-0D,Dell,Precision 7680,2250,6,12,,,,,,,,,,,,,,,,,,,,,,,,,,,,,,,,,,,,,,,,,,,,,,,,,,,,,,,,,,,,,,,,,,,,,,,,,,,,,,,,,,,,,,,,,,,
283,6,6-13,Laptop,DDC4CY-002515,DDC4CY002515,2HNH014,10-98-19-4A-51-35,Dell,Precision 7680,2250,6,13,,,,,,,,,,,,,,,,,,,,,,,,,,,,,,,,,,,,,,,,,,,,,,,,,,,,,,,,,,,,,,,,,,,,,,,,,,,,,,,,,,,,,,,,,,,
283,6,6-14,Laptop,DDC4CY-002516,DDC4CY002516,FCNH014,10-98-19-4A-51-A5,Dell,Precision 7680,2250,6,14,,,,,,,,,,,,,,,,,,,,,,,,,,,,,,,,,,,,,,,,,,,,,,,,,,,,,,,,,,,,,,,,,,,,,,,,,,,,,,,,,,,,,,,,,,,
283,6,6-15,Laptop,DDC4CY-002628,DDC4CY002628,5BMH014,10-98-19-4A-50-FD,Dell,Precision 7680,2250,6,15,,,,,,,,,,,,,,,,,,,,,,,,,,,,,,,,,,,,,,,,,,,,,,,,,,,,,,,,,,,,,,,,,,,,,,,,,,,,,,,,,,,,,,,,,,,
283,6,6-16,Laptop,DDC4CY-002650,DDC4CY002650,G7MH014,10-98-19-4A-51-B6,Dell,Precision 7680,2250,6,16,,,,,,,,,,,,,,,,,,,,,,,,,,,,,,,,,,,,,,,,,,,,,,,,,,,,,,,,,,,,,,,,,,,,,,,,,,,,,,,,,,,,,,,,,,,
283,6,6-17,Laptop,DDC4CY-002531,DDC4CY002531,92NH014,10-98-19-4A-51-89,Dell,Precision 7680,2250,6,17,,,,,,,,,,,,,,,,,,,,,,,,,,,,,,,,,,,,,,,,,,,,,,,,,,,,,,,,,,,,,,,,,,,,,,,,,,,,,,,,,,,,,,,,,,,
283,6,6-18,Laptop,DDC4CY-002560,DDC4CY002560,2GMH014,10-98-19-4A-52-37,Dell,Precision 7680,2250,6,18,,,,,,,,,,,,,,,,,,,,,,,,,,,,,,,,,,,,,,,,,,,,,,,,,,,,,,,,,,,,,,,,,,,,,,,,,,,,,,,,,,,,,,,,,,,
283,7,7-1,Laptop,DDC4CY-002543,DDC4CY002543,H0NH014,10-98-19-4A-51-8C,Dell,Precision 7680,2250,7,1,,,,,,,,,,,,,,,,,,,,,,,,,,,,,,,,,,,,,,,,,,,,,,,,,,,,,,,,,,,,,,,,,,,,,,,,,,,,,,,,,,,,,,,,,,,
283,7,7-2,Laptop,DDC4CY-002558,DDC4CY002558,2JLH014,10-98-19-4A-52-1B,Dell,Precision 7680,2250,7,2,,,,,,,,,,,,,,,,,,,,,,,,,,,,,,,,,,,,,,,,,,,,,,,,,,,,,,,,,,,,,,,,,,,,,,,,,,,,,,,,,,,,,,,,,,,
283,7,7-3,Laptop,DDC4CY-002532,DDC4CY002532,16NH014,10-98-19-4A-51-24,Dell,Precision 7680,2250,7,3,,,,,,,,,,,,,,,,,,,,,,,,,,,,,,,,,,,,,,,,,,,,,,,,,,,,,,,,,,,,,,,,,,,,,,,,,,,,,,,,,,,,,,,,,,,
283,7,7-4,Laptop,DDC4CY-002624,DDC4CY002624,DHLH014,10-98-19-4A-67-1C,Dell,Precision 7680,2250,7,4,,,,,,,,,,,,,,,,,,,,,,,,,,,,,,,,,,,,,,,,,,,,,,,,,,,,,,,,,,,,,,,,,,,,,,,,,,,,,,,,,,,,,,,,,,,
283,7,7-5,Laptop,DDC4CY-002666,DDC4CY002666,8WMH014,10-98-19-4A-52-FF,Dell,Precision 7680,2250,7,5,,,,,,,,,,,,,,,,,,,,,,,,,,,,,,,,,,,,,,,,,,,,,,,,,,,,,,,,,,,,,,,,,,,,,,,,,,,,,,,,,,,,,,,,,,,
283,7,7-6,Laptop,DDC4CY-002546,DDC4CY002546,81NH014,10-98-19-4A-51-AE,Dell,Precision 7680,2250,7,6,,,,,,,,,,,,,,,,,,,,,,,,,,,,,,,,,,,,,,,,,,,,,,,,,,,,,,,,,,,,,,,,,,,,,,,,,,,,,,,,,,,,,,,,,,,
283,7,7-7,Laptop,DDC4CY-002592,DDC4CY002592,39NH014,10-98-19-4A-50-8B,Dell,Precision 7680,2250,7,7,,,,,,,,,,,,,,,,,,,,,,,,,,,,,,,,,,,,,,,,,,,,,,,,,,,,,,,,,,,,,,,,,,,,,,,,,,,,,,,,,,,,,,,,,,,
283,7,7-8,Laptop,DDC4CY-002581,DDC4CY002581,G7NH014,10-98-19-4A-50-BA,Dell,Precision 7680,2250,7,8,,,,,,,,,,,,,,,,,,,,,,,,,,,,,,,,,,,,,,,,,,,,,,,,,,,,,,,,,,,,,,,,,,,,,,,,,,,,,,,,,,,,,,,,,,,
283,7,7-9,Laptop,DDC4CY-002664,DDC4CY002664,7LLH014,10-98-19-4A-51-20,Dell,Precision 7680,2250,7,9,,,,,,,,,,,,,,,,,,,,,,,,,,,,,,,,,,,,,,,,,,,,,,,,,,,,,,,,,,,,,,,,,,,,,,,,,,,,,,,,,,,,,,,,,,,
283,7,7-10,Laptop,DDC4CY-002641,DDC4CY002641,2ZMH014,10-98-19-4A-52-23,Dell,Precision 7680,2250,7,10,,,,,,,,,,,,,,,,,,,,,,,,,,,,,,,,,,,,,,,,,,,,,,,,,,,,,,,,,,,,,,,,,,,,,,,,,,,,,,,,,,,,,,,,,,,
283,7,7-11,Laptop,DDC4CY-002736,DDC4CY002736,BQMTH54,AC-B4-80-45-6B-A8,Dell,Precision 7680,2335,7,11,,,,,,,,,,,,,,,,,,,,,,,,,,,,,,,,,,,,,,,,,,,,,,,,,,,,,,,,,,,,,,,,,,,,,,,,,,,,,,,,,,,,,,,,,,,
283,7,7-12,Laptop,DDC4CY-002748,DDC4CY002748,HLMTH54,AC-B4-80-45-6B-57,Dell,Precision 7680,2335,7,12,,,,,,,,,,,,,,,,,,,,,,,,,,,,,,,,,,,,,,,,,,,,,,,,,,,,,,,,,,,,,,,,,,,,,,,,,,,,,,,,,,,,,,,,,,,
283,7,7-13,Laptop,DDC4CY-002545,DDC4CY002545,6ZNH014,10-98-19-4A-52-0B,Dell,Precision 7680,2250,7,13,,,,,,,,,,,,,,,,,,,,,,,,,,,,,,,,,,,,,,,,,,,,,,,,,,,,,,,,,,,,,,,,,,,,,,,,,,,,,,,,,,,,,,,,,,,
283,7,7-14,Laptop,DDC4CY-002563,DDC4CY002563,DFMH014,10-98-19-4A-51-47,Dell,Precision 7680,2250,7,14,,,,,,,,,,,,,,,,,,,,,,,,,,,,,,,,,,,,,,,,,,,,,,,,,,,,,,,,,,,,,,,,,,,,,,,,,,,,,,,,,,,,,,,,,,,
283,7,7-15,Laptop,DDC4CY-002568,DDC4CY002568,9GLH014,10-98-19-4A-65-60,Dell,Precision 7680,2250,7,15,,,,,,,,,,,,,,,,,,,,,,,,,,,,,,,,,,,,,,,,,,,,,,,,,,,,,,,,,,,,,,,,,,,,,,,,,,,,,,,,,,,,,,,,,,,
283,7,7-16,Laptop,DDC4CY-002601,DDC4CY002601,JCMH014,10-98-19-4A-51-68,Dell,Precision 7680,2250,7,16,,,,,,,,,,,,,,,,,,,,,,,,,,,,,,,,,,,,,,,,,,,,,,,,,,,,,,,,,,,,,,,,,,,,,,,,,,,,,,,,,,,,,,,,,,,
283,7,7-17,Laptop,DDC4CY-002635,DDC4CY002635,2YMH014,10-98-19-4A-52-DD,Dell,Precision 7680,2250,7,17,,,,,,,,,,,,,,,,,,,,,,,,,,,,,,,,,,,,,,,,,,,,,,,,,,,,,,,,,,,,,,,,,,,,,,,,,,,,,,,,,,,,,,,,,,,
283,7,7-18,Laptop,DDC4CY-002598,DDC4CY002598,HRLH014,10-98-19-4A-66-A9,Dell,Precision 7680,2250,7,18,,,,,,,,,,,,,,,,,,,,,,,,,,,,,,,,,,,,,,,,,,,,,,,,,,,,,,,,,,,,,,,,,,,,,,,,,,,,,,,,,,,,,,,,,,,
283,8,8-1,Laptop,DDC4CY-002746,DDC4CY002746,8SMTH54,AC-B4-80-45-6D-43,Dell,Precision 7680,2335,8,1,,,,,,,,,,,,,,,,,,,,,,,,,,,,,,,,,,,,,,,,,,,,,,,,,,,,,,,,,,,,,,,,,,,,,,,,,,,,,,,,,,,,,,,,,,,
283,8,8-2,Laptop,DDC4CY-002675,DDC4CY002675,3GMH014,10-98-19-4A-52-36,Dell,Precision 7680,2250,8,2,,,,,,,,,,,,,,,,,,,,,,,,,,,,,,,,,,,,,,,,,,,,,,,,,,,,,,,,,,,,,,,,,,,,,,,,,,,,,,,,,,,,,,,,,,,
283,8,8-3,Laptop,DDC4CY-002553,DDC4CY002553,C0NH014,10-98-19-4A-51-8D,Dell,Precision 7680,2250,8,3,,,,,,,,,,,,,,,,,,,,,,,,,,,,,,,,,,,,,,,,,,,,,,,,,,,,,,,,,,,,,,,,,,,,,,,,,,,,,,,,,,,,,,,,,,,
283,8,8-4,Laptop,DDC4CY-002527,DDC4CY002527,7BNH014,10-98-19-4A-51-9B,Dell,Precision 7680,2250,8,4,,,,,,,,,,,,,,,,,,,,,,,,,,,,,,,,,,,,,,,,,,,,,,,,,,,,,,,,,,,,,,,,,,,,,,,,,,,,,,,,,,,,,,,,,,,
283,8,8-5,Laptop,DDC4CY-002800,DDC4CY002800,DGMTH54,AC-B4-80-45-6C-15,Dell,Precision 7680,2335,8,5,,,,,,,,,,,,,,,,,,,,,,,,,,,,,,,,,,,,,,,,,,,,,,,,,,,,,,,,,,,,,,,,,,,,,,,,,,,,,,,,,,,,,,,,,,,
283,8,8-6,Laptop,DDC4CY-002750,DDC4CY002750,4NMTH54,AC-84-80-45-6B-4B,Dell,Precision 7680,2335,8,6,,,,,,,,,,,,,,,,,,,,,,,,,,,,,,,,,,,,,,,,,,,,,,,,,,,,,,,,,,,,,,,,,,,,,,,,,,,,,,,,,,,,,,,,,,,
283,8,8-7,Laptop,DDC4CY-002621,DDC4CY002621,4DLH014,10-98-19-4A-52-CF,Dell,Precision 7680,2250,8,7,,,,,,,,,,,,,,,,,,,,,,,,,,,,,,,,,,,,,,,,,,,,,,,,,,,,,,,,,,,,,,,,,,,,,,,,,,,,,,,,,,,,,,,,,,,
283,8,8-8,Laptop,DDC4CY-002636,DDC4CY002636,8XMH014,10-98-19-4A-53-0A,Dell,Precision 7680,2250,8,8,,,,,,,,,,,,,,,,,,,,,,,,,,,,,,,,,,,,,,,,,,,,,,,,,,,,,,,,,,,,,,,,,,,,,,,,,,,,,,,,,,,,,,,,,,,
283,8,8-9,Laptop,DDC4CY-002647,DDC4CY002647,23MH014,10-98-19-4A-52-73,Dell,Precision 7680,2250,8,9,,,,,,,,,,,,,,,,,,,,,,,,,,,,,,,,,,,,,,,,,,,,,,,,,,,,,,,,,,,,,,,,,,,,,,,,,,,,,,,,,,,,,,,,,,,
283,8,8-10,Laptop,DDC4CY-002742,DDC4CY002742,5FMTH54,AC-B4-80-45-6C-47,Dell,Precision 7680,2335,8,10,,,,,,,,,,,,,,,,,,,,,,,,,,,,,,,,,,,,,,,,,,,,,,,,,,,,,,,,,,,,,,,,,,,,,,,,,,,,,,,,,,,,,,,,,,,
283,8,8-11,Laptop,DDC4CY-002762,DDC4CY002762,5JMTH54,AC-B4-80-45-6B-FF,Dell,Precision 7680,2335,8,11,,,,,,,,,,,,,,,,,,,,,,,,,,,,,,,,,,,,,,,,,,,,,,,,,,,,,,,,,,,,,,,,,,,,,,,,,,,,,,,,,,,,,,,,,,,
283,8,8-12,Laptop,DDC4CY-002600,DDC4CY002600,1DLH014,10-98-19-4A-52-75,Dell,Precision 7680,2250,8,12,,,,,,,,,,,,,,,,,,,,,,,,,,,,,,,,,,,,,,,,,,,,,,,,,,,,,,,,,,,,,,,,,,,,,,,,,,,,,,,,,,,,,,,,,,,
283,8,8-13,Laptop,DDC4CY-002640,DDC4CY002640,H9MH014,10-98-19-4A-50-FC,Dell,Precision 7680,2250,8,13,,,,,,,,,,,,,,,,,,,,,,,,,,,,,,,,,,,,,,,,,,,,,,,,,,,,,,,,,,,,,,,,,,,,,,,,,,,,,,,,,,,,,,,,,,,
283,8,8-14,Laptop,DDC4CY-002610,DDC4CY002610,3WLH014,10-98-19-4A-50-F0,Dell,Precision 7680,2250,8,14,,,,,,,,,,,,,,,,,,,,,,,,,,,,,,,,,,,,,,,,,,,,,,,,,,,,,,,,,,,,,,,,,,,,,,,,,,,,,,,,,,,,,,,,,,,
283,8,8-15,Laptop,DDC4CY-002686,DDC4CY002686,8GMH014,10-98-19-4A-51-B1,Dell,Precision 7680,2250,8,15,,,,,,,,,,,,,,,,,,,,,,,,,,,,,,,,,,,,,,,,,,,,,,,,,,,,,,,,,,,,,,,,,,,,,,,,,,,,,,,,,,,,,,,,,,,
283,8,8-16,Laptop,DDC4CY-002578,DDC4CY002578,4FMH014,10-98-19-4A-41-4B,Dell,Precision 7680,2250,8,16,,,,,,,,,,,,,,,,,,,,,,,,,,,,,,,,,,,,,,,,,,,,,,,,,,,,,,,,,,,,,,,,,,,,,,,,,,,,,,,,,,,,,,,,,,,
283,8,8-17,Laptop,DDC4CY-002760,DDC4CY002760,FY8ZL54,AC-B4-80-45-6B-45,Dell,Precision 7680,2335,8,17,,,,,,,,,,,,,,,,,,,,,,,,,,,,,,,,,,,,,,,,,,,,,,,,,,,,,,,,,,,,,,,,,,,,,,,,,,,,,,,,,,,,,,,,,,,
283,8,8-18,Laptop,DDC4CY-002616,DDC4CY002616,2BLH014,10-98-19-4A-52-74,Dell,Precision 7680,2250,8,18,,,,,,,,,,,,,,,,,,,,,,,,,,,,,,,,,,,,,,,,,,,,,,,,,,,,,,,,,,,,,,,,,,,,,,,,,,,,,,,,,,,,,,,,,,,
283,013,013-1,Laptop,DDC4CY-002406,DDC4CY002406,J7M0GZ3,10-98-19-48-71-36,Dell,Precision 7780,4662,13,1,,,,,,,,,,,,,,,,,,,,,,,,,,,,,,,,,,,,,,,,,,,,,,,,,,,,,,,,,,,,,,,,,,,,,,,,,,,,,,,,,,,,,,,,,,,
283,013,013-2,Laptop,DDC4CY-002378,DDC4CY002378,D4M0GZ3,10-98-19-48-71-86,Dell,Precision 7780,4662,13,2,,,,,,,,,,,,,,,,,,,,,,,,,,,,,,,,,,,,,,,,,,,,,,,,,,,,,,,,,,,,,,,,,,,,,,,,,,,,,,,,,,,,,,,,,,,
283,013,013-3,Laptop,DDC4CY-002420,DDC4CY002420,D3M0GZ3,10-98-19-48-64-13,Dell,Precision 7780,4662,13,3,,,,,,,,,,,,,,,,,,,,,,,,,,,,,,,,,,,,,,,,,,,,,,,,,,,,,,,,,,,,,,,,,,,,,,,,,,,,,,,,,,,,,,,,,,,
283,013,013-4,Laptop,DDC4CY-002407,DDC4CY002407,3BM0GZ3,10-98-19-48-63-0B,Dell,Precision 7780,4662,13,4,,,,,,,,,,,,,,,,,,,,,,,,,,,,,,,,,,,,,,,,,,,,,,,,,,,,,,,,,,,,,,,,,,,,,,,,,,,,,,,,,,,,,,,,,,,
283,013,013-5,Laptop,DDC4CY-002374,DDC4CY002374,15M0GZ3,10-98-19-48-71-87,Dell,Precision 7780,4662,13,5,,,,,,,,,,,,,,,,,,,,,,,,,,,,,,,,,,,,,,,,,,,,,,,,,,,,,,,,,,,,,,,,,,,,,,,,,,,,,,,,,,,,,,,,,,,
283,013,013-6,Laptop,DDC4CY-002424,DDC4CY002424,C8M0GZ3,10-98-19-48-71-BE,Dell,Precision 7780,4662,13,6,,,,,,,,,,,,,,,,,,,,,,,,,,,,,,,,,,,,,,,,,,,,,,,,,,,,,,,,,,,,,,,,,,,,,,,,,,,,,,,,,,,,,,,,,,,
283,013,013-7,Laptop,DDC4CY-002417,DDC4CY002417,D7M0GZ3,10-98-19-48-70-A3,Dell,Precision 7780,4662,13,7,,,,,,,,,,,,,,,,,,,,,,,,,,,,,,,,,,,,,,,,,,,,,,,,,,,,,,,,,,,,,,,,,,,,,,,,,,,,,,,,,,,,,,,,,,,
283,013,013-8,Laptop,DDC4CY-002411,DDC4CY002411,J8M0GZ3,10-98-19-48-71-83,Dell,Precision 7780,4662,13,8,,,,,,,,,,,,,,,,,,,,,,,,,,,,,,,,,,,,,,,,,,,,,,,,,,,,,,,,,,,,,,,,,,,,,,,,,,,,,,,,,,,,,,,,,,,
283,013,013-9,Laptop,DDC4CY-002405,DDC4CY002405,C9M0GZ3,10-98-19-48-64-A3,Dell,Precision 7780,4662,13,9,,,,,,,,,,,,,,,,,,,,,,,,,,,,,,,,,,,,,,,,,,,,,,,,,,,,,,,,,,,,,,,,,,,,,,,,,,,,,,,,,,,,,,,,,,,
283,013,013-10,Laptop,DDC4CY-002414,DDC4CY002414,79M0GZ3,10-98-19-48-64-A8,Dell,Precision 7780,4662,13,10,,,,,,,,,,,,,,,,,,,,,,,,,,,,,,,,,,,,,,,,,,,,,,,,,,,,,,,,,,,,,,,,,,,,,,,,,,,,,,,,,,,,,,,,,,,
283,014,014-1,Laptop,DDC4CY-002404,DDC4CY002404,H8B0GZ3,10-98-19-48-71-1B,Dell,Precision 7780,4662,14,1,,,,,,,,,,,,,,,,,,,,,,,,,,,,,,,,,,,,,,,,,,,,,,,,,,,,,,,,,,,,,,,,,,,,,,,,,,,,,,,,,,,,,,,,,,,
283,014,014-2,Laptop,DDC4CY-002409,DDC4CY002409,63M0GZ3,10-98-19-48-70-A2,Dell,Precision 7780,4662,14,2,,,,,,,,,,,,,,,,,,,,,,,,,,,,,,,,,,,,,,,,,,,,,,,,,,,,,,,,,,,,,,,,,,,,,,,,,,,,,,,,,,,,,,,,,,,
283,014,014-3,Laptop,DDC4CY-002415,DDC4CY002415,38M0GZ3,10-98-19-48-71-82,Dell,Precision 7780,4662,14,3,,,,,,,,,,,,,,,,,,,,,,,,,,,,,,,,,,,,,,,,,,,,,,,,,,,,,,,,,,,,,,,,,,,,,,,,,,,,,,,,,,,,,,,,,,,
283,014,014-4,Laptop,DDC4CY-002423,DDC4CY002423,77M0GZ3,10-98-19-48-71-37,Dell,Precision 7780,4662,14,4,,,,,,,,,,,,,,,,,,,,,,,,,,,,,,,,,,,,,,,,,,,,,,,,,,,,,,,,,,,,,,,,,,,,,,,,,,,,,,,,,,,,,,,,,,,
283,014,014-5,Laptop,DDC4CY-002795,DDC4CY002795,JHMTH54,AC-B4-80-45-6C-65,Dell,Precision 7680,2335,14,5,,,,,,,,,,,,,,,,,,,,,,,,,,,,,,,,,,,,,,,,,,,,,,,,,,,,,,,,,,,,,,,,,,,,,,,,,,,,,,,,,,,,,,,,,,,
283,014,014-6,Laptop,DDC4CY-002670,DDC4CY002670,BRLH014,10-98-19-4A-52-67,Dell,Precision 7680,2250,14,6,,,,,,,,,,,,,,,,,,,,,,,,,,,,,,,,,,,,,,,,,,,,,,,,,,,,,,,,,,,,,,,,,,,,,,,,,,,,,,,,,,,,,,,,,,,
283,014,014-7,Laptop,DDC4CY-002779,DDC4CY002779,HCMTH54,AC-B4-80-45-6C-2B,Dell,Precision 7680,2335,14,7,,,,,,,,,,,,,,,,,,,,,,,,,,,,,,,,,,,,,,,,,,,,,,,,,,,,,,,,,,,,,,,,,,,,,,,,,,,,,,,,,,,,,,,,,,,
283,015,015-1,Laptop,DDC4CY-002422,DDC4CY002422,37M0GZ3,10-98-19-48-71-3C,Dell,Precision 7780,4662,15,1,,,,,,,,,,,,,,,,,,,,,,,,,,,,,,,,,,,,,,,,,,,,,,,,,,,,,,,,,,,,,,,,,,,,,,,,,,,,,,,,,,,,,,,,,,,
283,015,015-2,Laptop,DDC4CY-002630,DDC4CY002630,9GMH014,10-98-19-4A-52-C5,Dell,Precision 7680,2250,15,2,,,,,,,,,,,,,,,,,,,,,,,,,,,,,,,,,,,,,,,,,,,,,,,,,,,,,,,,,,,,,,,,,,,,,,,,,,,,,,,,,,,,,,,,,,,
283,015,015-3,Laptop,DDC4CY-002408,DDC4CY002408,6BM0GZ3,10-98-19-48-71-C3,Dell,Precision 7780,4662,15,3,,,,,,,,,,,,,,,,,,,,,,,,,,,,,,,,,,,,,,,,,,,,,,,,,,,,,,,,,,,,,,,,,,,,,,,,,,,,,,,,,,,,,,,,,,,
290,015,015-5,Laptop,DDC4CY-002602,DDC4CY002602,77MH014,10-98-19-4A-51-D9,Dell,Precision 7680,2250,15,5,,,,,,,,,,,,,,,,,,,,,,,,,,,,,,,,,,,,,,,,,,,,,,,,,,,,,,,,,,,,,,,,,,,,,,,,,,,,,,,,,,,,,,,,,,,
283,015,015-6,Laptop,DDC4CY-002669,DDC4CY002669,9XLH014,10-98-19-4A-51-06,Dell,Precision 7680,2250,15,6,,,,,,,,,,,,,,,,,,,,,,,,,,,,,,,,,,,,,,,,,,,,,,,,,,,,,,,,,,,,,,,,,,,,,,,,,,,,,,,,,,,,,,,,,,,
283,015,015-7,Laptop,DDC4CY-002421,DDC4CY002421,B4M0GZ3,10-98-19-48-64-12,Dell,Precision 7780,4662,15,7,,,,,,,,,,,,,,,,,,,,,,,,,,,,,,,,,,,,,,,,,,,,,,,,,,,,,,,,,,,,,,,,,,,,,,,,,,,,,,,,,,,,,,,,,,,
283,015,015-8,Laptop,DDC4CY-002660,DDC4CY002660,C1MH014,10-98-19-4A-65-D1,Dell,Precision 7680,2250,15,8,,,,,,,,,,,,,,,,,,,,,,,,,,,,,,,,,,,,,,,,,,,,,,,,,,,,,,,,,,,,,,,,,,,,,,,,,,,,,,,,,,,,,,,,,,,
283,015,015-9,Laptop,DDC4CY-002412,DDC4CY002412,29M0GZ3,10-98-19-48-63-AD,Dell,Precision 7780,4662,15,9,,,,,,,,,,,,,,,,,,,,,,,,,,,,,,,,,,,,,,,,,,,,,,,,,,,,,,,,,,,,,,,,,,,,,,,,,,,,,,,,,,,,,,,,,,,
283,015,015-10,Laptop,DDC4CY-002425,DDC4CY002425,H3M0GZ3,10-98-19-48-71-88,Dell,Precision 7780,4662,15,10,,,,,,,,,,,,,,,,,,,,,,,,,,,,,,,,,,,,,,,,,,,,,,,,,,,,,,,,,,,,,,,,,,,,,,,,,,,,,,,,,,,,,,,,,,,
283,015,015-11,Laptop,DDC4CY-002547,DDC4CY002547,60NH014,10-98-19-4A-52-06,Dell,Precision 7680,2250,15,11,,,,,,,,,,,,,,,,,,,,,,,,,,,,,,,,,,,,,,,,,,,,,,,,,,,,,,,,,,,,,,,,,,,,,,,,,,,,,,,,,,,,,,,,,,,
283,015,015-12,Laptop,DDC4CY-002377,DDC4CY002377,B7M0GZ3,10-98-19-4a-52-67,Dell,Precision 7780,4662,15,12,,,,,,,,,,,,,,,,,,,,,,,,,,,,,,,,,,,,,,,,,,,,,,,,,,,,,,,,,,,,,,,,,,,,,,,,,,,,,,,,,,,,,,,,,,,
283,016,016-1,Laptop,DDC4CY-002370,DDC4CY002370,2TK84402SP,00-BB-60-B8-D8-73,Hewlett Packard,Zbook 15 G4,1300,16,1,,,,,,,,,,,,,,,,,,,,,,,,,,,,,,,,,,,,,,,,,,,,,,,,,,,,,,,,,,,,,,,,,,,,,,,,,,,,,,,,,,,,,,,,,,,
283,016,016-2,Laptop,DDC4CY-002227,DDC4CY002227,2TK84400G2,00-BB-60-4B-6A-45,Hewlett Packard,Zbook 15 G4,1500,16,2,,,,,,,,,,,,,,,,,,,,,,,,,,,,,,,,,,,,,,,,,,,,,,,,,,,,,,,,,,,,,,,,,,,,,,,,,,,,,,,,,,,,,,,,,,,
283,016,016-3,Laptop,DDC4CY-002260,DDC4CY002260,2TK84402SF,00-BB-60-B8-DC-6F,Hewlett Packard,Zbook 15 G4,1500,16,3,,,,,,,,,,,,,,,,,,,,,,,,,,,,,,,,,,,,,,,,,,,,,,,,,,,,,,,,,,,,,,,,,,,,,,,,,,,,,,,,,,,,,,,,,,,
283,016,016-4,Laptop,DDC4CY-002312,DDC4CY002312,2TK84402PY,00-BB-60-B8-CD-65,Hewlett Packard,Zbook 15 G4,1500,16,4,,,,,,,,,,,,,,,,,,,,,,,,,,,,,,,,,,,,,,,,,,,,,,,,,,,,,,,,,,,,,,,,,,,,,,,,,,,,,,,,,,,,,,,,,,,
283,016,016-5,Laptop,DDC4CY-002564,DDC4CY002564,7FMH014,10-98-19-4A-52-A8,Dell,Precision 7680,2250,16,5,,,,,,,,,,,,,,,,,,,,,,,,,,,,,,,,,,,,,,,,,,,,,,,,,,,,,,,,,,,,,,,,,,,,,,,,,,,,,,,,,,,,,,,,,,,
283,016,016-6,Laptop,DDC4CY-002615,DDC4CY002615,7YLH014,10-98-19-4A-51-BE,Dell,Precision 7680,2250,16,6,,,,,,,,,,,,,,,,,,,,,,,,,,,,,,,,,,,,,,,,,,,,,,,,,,,,,,,,,,,,,,,,,,,,,,,,,,,,,,,,,,,,,,,,,,,
283,016,016-7,Laptop,DDC4CY-002376,DDC4CY002376,61M0GZ3,10-98-19-48-71-94,Dell,Precision 7780,4662,16,7,,,,,,,,,,,,,,,,,,,,,,,,,,,,,,,,,,,,,,,,,,,,,,,,,,,,,,,,,,,,,,,,,,,,,,,,,,,,,,,,,,,,,,,,,,,
283,016,016-8,Laptop,DDC4CY-002470,DDC4CY002470,7VMG054,10-98-19-48-90-DA,Dell,Precision 7780,4662,16,8,,,,,,,,,,,,,,,,,,,,,,,,,,,,,,,,,,,,,,,,,,,,,,,,,,,,,,,,,,,,,,,,,,,,,,,,,,,,,,,,,,,,,,,,,,,
288 2C1D,111,111-1,Laptop,DDC4CY-000739,DDC4CY000739,2YN9Q92,84-7B-EB-11-60-20,Dell,Precision 7510,2650,111,1,,,,,,,,,,,,,,,,,,,,,,,,,,,,,,,,,,,,,,,,,,,,,,,,,,,,,,,,,,,,,,,,,,,,,,,,,,,,,,,,,,,,,,,,,,,
288 2C1D,111,111-2,Laptop,DDC4CY-000754,DDC4CY000754,2VN9Q92,84-7B-EB-11-60-A6,Dell,Precision 7510,2650,111,2,,,,,,,,,,,,,,,,,,,,,,,,,,,,,,,,,,,,,,,,,,,,,,,,,,,,,,,,,,,,,,,,,,,,,,,,,,,,,,,,,,,,,,,,,,,
288 2C1D,111,111-3,Laptop,DDC4CY-001468,DDC4CY001468,5SR32N2,10-65-30-1F-C9-51,Dell,Latitude 5490,2200,111,3,,,,,,,,,,,,,,,,,,,,,,,,,,,,,,,,,,,,,,,,,,,,,,,,,,,,,,,,,,,,,,,,,,,,,,,,,,,,,,,,,,,,,,,,,,,
288 2C1D,111,111-4,Laptop,DJJ021-038422,DJJ021038422,3NCFZQ2,10-65-30-F0-B5-EB,Dell,Latitude 5490,2100,111,4,,,,,,,,,,,,,,,,,,,,,,,,,,,,,,,,,,,,,,,,,,,,,,,,,,,,,,,,,,,,,,,,,,,,,,,,,,,,,,,,,,,,,,,,,,,
